id,started,finished,execution_node
519,2018-05-22T21:53:56.395535Z,2018-05-22T21:54:21.316100Z,awx_1
520,2018-05-22T21:53:56.421981Z,2018-05-22T21:54:22.482444Z,awx_2
521,2018-05-22T21:53:56.447395Z,2018-05-22T21:54:12.382331Z,awx_3
522,2018-05-22T21:54:15.707741Z,2018-05-22T21:54:32.338238Z,awx_3
523,2018-05-22T21:54:25.065625Z,2018-05-22T21:54:45.997871Z,awx_1
524,2018-05-22T21:54:28.397817Z,2018-05-22T21:54:53.123120Z,awx_2
525,2018-05-22T21:54:35.512734Z,2018-05-22T21:54:46.806782Z,awx_3
526,2018-05-22T21:54:49.322171Z,2018-05-22T21:55:11.529681Z,awx_1
527,2018-05-22T21:54:56.298662Z,2018-05-22T21:55:12.043997Z,awx_2
528,2018-05-22T21:54:56.320488Z,2018-05-22T21:55:14.147493Z,awx_3
529,2018-05-22T21:55:14.507613Z,2018-05-22T21:55:37.707221Z,awx_1
530,2018-05-22T21:55:29.409319Z,2018-05-22T21:55:45.999125Z,awx_2
531,2018-05-22T21:55:29.433494Z,2018-05-22T21:55:50.957950Z,awx_3
532,2018-05-22T21:55:49.106954Z,2018-05-22T21:56:14.648910Z,awx_1
533,2018-05-22T21:55:49.128547Z,2018-05-22T21:56:04.722506Z,awx_2
534,2018-05-22T21:55:59.578797Z,2018-05-22T21:56:10.199147Z,awx_3
535,2018-05-22T21:56:07.671836Z,2018-05-22T21:56:29.810756Z,awx_2
536,2018-05-22T21:56:14.847455Z,2018-05-22T21:56:26.266614Z,awx_3
537,2018-05-22T21:56:17.786212Z,2018-05-22T21:56:39.023355Z,awx_1
538,2018-05-22T21:56:29.155571Z,2018-05-22T21:56:41.416012Z,awx_3
539,2018-05-22T21:56:39.495578Z,2018-05-22T21:57:00.088738Z,awx_2
540,2018-05-22T21:56:42.281206Z,2018-05-22T21:56:54.014080Z,awx_1
541,2018-05-22T21:56:45.481723Z,2018-05-22T21:57:00.921285Z,awx_3
542,2018-05-22T21:56:57.782542Z,2018-05-22T21:57:15.284644Z,awx_1
543,2018-05-22T21:57:09.296917Z,2018-05-22T21:57:31.666278Z,awx_2
544,2018-05-22T21:57:09.318840Z,2018-05-22T21:57:27.709248Z,awx_3
545,2018-05-22T21:57:18.145035Z,2018-05-22T21:57:37.354858Z,awx_1
546,2018-05-22T21:57:34.497127Z,2018-05-22T21:57:57.189884Z,awx_2
547,2018-05-22T21:57:34.521313Z,2018-05-22T21:57:57.179497Z,awx_3
548,2018-05-22T21:57:49.037333Z,2018-05-22T21:58:07.292071Z,awx_1
549,2018-05-22T21:58:09.247573Z,2018-05-22T21:58:29.089330Z,awx_1
550,2018-05-22T21:58:09.267873Z,2018-05-22T21:58:30.078172Z,awx_2
551,2018-05-22T21:58:19.247116Z,2018-05-22T21:58:31.376548Z,awx_3
552,2018-05-22T21:58:31.867708Z,2018-05-22T21:58:49.416191Z,awx_1
553,2018-05-22T21:58:34.545706Z,2018-05-22T21:58:57.166426Z,awx_2
554,2018-05-22T21:58:34.567912Z,2018-05-22T21:58:58.197787Z,awx_3
555,2018-05-22T21:58:52.091086Z,2018-05-22T21:59:17.378956Z,awx_1
556,2018-05-22T21:59:09.175674Z,2018-05-22T21:59:24.289493Z,awx_2
557,2018-05-22T21:59:09.199387Z,2018-05-22T21:59:31.364686Z,awx_3
558,2018-05-22T21:59:27.102387Z,2018-05-22T21:59:51.318670Z,awx_1
559,2018-05-22T21:59:27.126526Z,2018-05-22T21:59:41.280174Z,awx_2
560,2018-05-22T21:59:34.563510Z,2018-05-22T21:59:47.387519Z,awx_3
561,2018-05-22T21:59:44.034069Z,2018-05-22T22:00:02.025405Z,awx_2
562,2018-05-22T21:59:54.326007Z,2018-05-22T22:00:19.259629Z,awx_1
563,2018-05-22T21:59:54.351733Z,2018-05-22T22:00:17.359267Z,awx_3
564,2018-05-22T22:00:05.099976Z,2018-05-22T22:00:28.022041Z,awx_2
565,2018-05-22T22:00:29.269211Z,2018-05-22T22:00:48.495482Z,awx_1
566,2018-05-22T22:00:29.296978Z,2018-05-22T22:00:41.871735Z,awx_3
567,2018-05-22T22:00:31.993998Z,2018-05-22T22:00:46.932064Z,awx_2
568,2018-05-22T22:00:44.644989Z,2018-05-22T22:01:02.411229Z,awx_3
569,2018-05-22T22:00:51.275788Z,2018-05-22T22:01:07.059525Z,awx_1
570,2018-05-22T22:00:51.298081Z,2018-05-22T22:01:04.081448Z,awx_2
571,2018-05-22T22:01:05.443912Z,2018-05-22T22:01:25.841601Z,awx_3
572,2018-05-22T22:01:08.316094Z,2018-05-22T22:01:28.160021Z,awx_2
573,2018-05-22T22:01:19.225738Z,2018-05-22T22:01:35.576537Z,awx_1
574,2018-05-22T22:01:28.355448Z,2018-05-22T22:01:47.459435Z,awx_3
575,2018-05-22T22:01:30.932521Z,2018-05-22T22:01:42.250154Z,awx_2
576,2018-05-22T22:01:38.216896Z,2018-05-22T22:01:52.024329Z,awx_1
577,2018-05-22T22:01:44.846527Z,2018-05-22T22:01:55.958263Z,awx_2
578,2018-05-22T22:01:54.587377Z,2018-05-22T22:02:14.674179Z,awx_1
579,2018-05-22T22:01:54.609698Z,2018-05-22T22:02:05.639369Z,awx_3
580,2018-05-22T22:02:08.069557Z,2018-05-22T22:02:28.973896Z,awx_2
581,2018-05-22T22:02:08.096205Z,2018-05-22T22:02:23.976985Z,awx_3
582,2018-05-22T22:02:17.241597Z,2018-05-22T22:02:30.044490Z,awx_1
583,2018-05-22T22:02:26.416046Z,2018-05-22T22:02:52.241519Z,awx_3
584,2018-05-22T22:02:38.995203Z,2018-05-22T22:02:51.106980Z,awx_1
585,2018-05-22T22:02:39.018803Z,2018-05-22T22:03:01.001874Z,awx_2
586,2018-05-22T22:02:53.750350Z,2018-05-22T22:03:06.403046Z,awx_1
587,2018-05-22T22:02:58.997695Z,2018-05-22T22:03:10.465592Z,awx_3
588,2018-05-22T22:03:04.403298Z,2018-05-22T22:03:25.720510Z,awx_2
589,2018-05-22T22:03:12.819762Z,2018-05-22T22:03:26.599600Z,awx_1
590,2018-05-22T22:03:12.842943Z,2018-05-22T22:03:30.556303Z,awx_3
591,2018-05-22T22:03:28.057253Z,2018-05-22T22:03:49.544341Z,awx_1
592,2018-05-22T22:03:38.777349Z,2018-05-22T22:03:58.838185Z,awx_2
593,2018-05-22T22:03:38.800083Z,2018-05-22T22:03:51.791739Z,awx_3
594,2018-05-22T22:03:51.834209Z,2018-05-22T22:04:08.281081Z,awx_1
595,2018-05-22T22:03:58.843237Z,2018-05-22T22:04:16.665309Z,awx_3
596,2018-05-22T22:04:08.742011Z,2018-05-22T22:04:34.378112Z,awx_2
597,2018-05-22T22:04:10.803013Z,2018-05-22T22:04:27.502118Z,awx_1
598,2018-05-22T22:04:18.990968Z,2018-05-22T22:04:37.441383Z,awx_3
599,2018-05-22T22:04:36.592952Z,2018-05-22T22:04:50.787892Z,awx_1
600,2018-05-22T22:04:36.614305Z,2018-05-22T22:05:02.888882Z,awx_2
601,2018-05-22T22:04:48.531009Z,2018-05-22T22:05:03.016545Z,awx_3
602,2018-05-22T22:04:58.623185Z,2018-05-22T22:05:22.019533Z,awx_1
603,2018-05-22T22:05:05.198982Z,2018-05-22T22:05:19.994729Z,awx_2
604,2018-05-22T22:05:05.222493Z,2018-05-22T22:05:23.953538Z,awx_3
605,2018-05-22T22:05:21.959582Z,2018-05-22T22:05:44.324952Z,awx_2
606,2018-05-22T22:05:28.492232Z,2018-05-22T22:05:50.180237Z,awx_1
607,2018-05-22T22:05:28.598681Z,2018-05-22T22:05:52.241684Z,awx_3
608,2018-05-22T22:05:46.757536Z,2018-05-22T22:06:10.932302Z,awx_2
609,2018-05-22T22:05:52.367783Z,2018-05-22T22:06:05.201166Z,awx_1
610,2018-05-22T22:05:54.402911Z,2018-05-22T22:06:12.049540Z,awx_3
611,2018-05-22T22:06:08.218038Z,2018-05-22T22:06:19.121755Z,awx_1
612,2018-05-22T22:06:18.992717Z,2018-05-22T22:06:33.562808Z,awx_2
613,2018-05-22T22:06:19.041719Z,2018-05-22T22:06:31.657384Z,awx_3
614,2018-05-22T22:06:28.593872Z,2018-05-22T22:06:50.182862Z,awx_1
615,2018-05-22T22:06:33.745073Z,2018-05-22T22:06:53.801875Z,awx_3
616,2018-05-22T22:06:48.488384Z,2018-05-22T22:07:14.852497Z,awx_2
617,2018-05-22T22:06:55.865140Z,2018-05-22T22:07:14.889143Z,awx_1
618,2018-05-22T22:06:55.904645Z,2018-05-22T22:07:18.942495Z,awx_3
